"","Estimate","Std. Error","t value","Pr(>|t|)","taxo","taxo_trim"
"k__Archaea.p__Euryarchaeota.c__Methanobacteria.o__Methanobacteriales.f__Methanobacteriaceae.g__Methanobrevibacter",0.016958950950462,0.00500774778076842,3.38654255224086,0.000761782864255187,"k__Archaea.p__Euryarchaeota.c__Methanobacteria.o__Methanobacteriales.f__Methanobacteriaceae.g__Methanobrevibacter","Methanobrevibacter"
"k__Bacteria.p__Actinobacteria.c__Actinobacteria.o__Actinomycetales.f__Actinomycetaceae.g__Actinobaculum",-0.0115241758551432,0.00503761219727481,-2.28762663814761,0.0225630257658871,"k__Bacteria.p__Actinobacteria.c__Actinobacteria.o__Actinomycetales.f__Actinomycetaceae.g__Actinobaculum","Actinobaculum"
"k__Bacteria.p__Actinobacteria.c__Actinobacteria.o__Actinomycetales.f__Actinomycetaceae.g__Actinomyces",0.0354875656446986,0.00481604396847074,7.3686133010881,6.88786624288182e-13,"k__Bacteria.p__Actinobacteria.c__Actinobacteria.o__Actinomycetales.f__Actinomycetaceae.g__Actinomyces","Actinomyces"
"k__Bacteria.p__Actinobacteria.c__Actinobacteria.o__Actinomycetales.f__Actinomycetaceae.g__Varibaculum",-0.0119849945475422,0.00503552793285909,-2.38008699531477,0.0176708155499541,"k__Bacteria.p__Actinobacteria.c__Actinobacteria.o__Actinomycetales.f__Actinomycetaceae.g__Varibaculum","Varibaculum"
"k__Bacteria.p__Actinobacteria.c__Actinobacteria.o__Actinomycetales.f__Micrococcaceae.g__Rothia",-0.0132426869236116,0.005029418644963,-2.63304525998729,0.00871605539046727,"k__Bacteria.p__Actinobacteria.c__Actinobacteria.o__Actinomycetales.f__Micrococcaceae.g__Rothia","Rothia"
"k__Bacteria.p__Actinobacteria.c__Actinobacteria.o__Actinomycetales.f__Propionibacteriaceae.g__Propionibacteriaceae_unclassified",-0.0357614087318243,0.00481211672915034,-7.43153392667983,4.48803726315627e-13,"k__Bacteria.p__Actinobacteria.c__Actinobacteria.o__Actinomycetales.f__Propionibacteriaceae.g__Propionibacteriaceae_unclassified","Propionibacteriaceae_unclassified"
"k__Bacteria.p__Actinobacteria.c__Actinobacteria.o__Actinomycetales.f__Propionibacteriaceae.g__Propionibacterium",-0.0324992341409203,0.00485674934371922,-6.69156092705268,5.76568446672053e-11,"k__Bacteria.p__Actinobacteria.c__Actinobacteria.o__Actinomycetales.f__Propionibacteriaceae.g__Propionibacterium","Propionibacterium"
"k__Bacteria.p__Actinobacteria.c__Actinobacteria.o__Bifidobacteriales.f__Bifidobacteriaceae.g__Bifidobacterium",0.0215594267761686,0.00497334107312524,4.33499863756995,1.75312727403145e-05,"k__Bacteria.p__Actinobacteria.c__Actinobacteria.o__Bifidobacteriales.f__Bifidobacteriaceae.g__Bifidobacterium","Bifidobacterium"
"k__Bacteria.p__Actinobacteria.c__Actinobacteria.o__Bifidobacteriales.f__Bifidobacteriaceae.g__Gardnerella",-0.0149154665377625,0.00502033546830105,-2.97100993189408,0.00310658657133846,"k__Bacteria.p__Actinobacteria.c__Actinobacteria.o__Bifidobacteriales.f__Bifidobacteriaceae.g__Gardnerella","Gardnerella"
"k__Bacteria.p__Actinobacteria.c__Actinobacteria.o__Coriobacteriales.f__Coriobacteriaceae.g__Adlercreutzia",0.0620241386704867,0.00426374243362515,14.5468774523868,2.01873676344238e-40,"k__Bacteria.p__Actinobacteria.c__Actinobacteria.o__Coriobacteriales.f__Coriobacteriaceae.g__Adlercreutzia","Adlercreutzia"
"k__Bacteria.p__Actinobacteria.c__Actinobacteria.o__Coriobacteriales.f__Coriobacteriaceae.g__Collinsella",0.0378832676199666,0.00478054714016967,7.92446272554109,1.42195457334077e-14,"k__Bacteria.p__Actinobacteria.c__Actinobacteria.o__Coriobacteriales.f__Coriobacteriaceae.g__Collinsella","Collinsella"
"k__Bacteria.p__Actinobacteria.c__Actinobacteria.o__Coriobacteriales.f__Coriobacteriaceae.g__Eggerthella",0.0720901505625365,0.0039450257494368,18.2736831496799,6.76210258597255e-58,"k__Bacteria.p__Actinobacteria.c__Actinobacteria.o__Coriobacteriales.f__Coriobacteriaceae.g__Eggerthella","Eggerthella"
"k__Bacteria.p__Actinobacteria.c__Actinobacteria.o__Coriobacteriales.f__Coriobacteriaceae.g__Gordonibacter",0.0448801020694707,0.0046616928045462,9.62742590539267,2.75072074416424e-20,"k__Bacteria.p__Actinobacteria.c__Actinobacteria.o__Coriobacteriales.f__Coriobacteriaceae.g__Gordonibacter","Gordonibacter"
"k__Bacteria.p__Actinobacteria.c__Actinobacteria.o__Coriobacteriales.f__Coriobacteriaceae.g__Olsenella",0.0101124865477843,0.00504348400644956,2.00505970373904,0.0454784621241451,"k__Bacteria.p__Actinobacteria.c__Actinobacteria.o__Coriobacteriales.f__Coriobacteriaceae.g__Olsenella","Olsenella"
"k__Bacteria.p__Actinobacteria.c__Actinobacteria.o__Coriobacteriales.f__Coriobacteriaceae.g__Slackia",0.0161603284059454,0.00501286316831264,3.22377209657313,0.00134517655971092,"k__Bacteria.p__Actinobacteria.c__Actinobacteria.o__Coriobacteriales.f__Coriobacteriaceae.g__Slackia","Slackia"
"k__Bacteria.p__Bacteroidetes.c__Bacteroidia.o__Bacteroidales.f__Bacteroidaceae.g__Bacteroides",0.0478832390248915,0.00460342200006107,10.4016618559533,3.91848272780005e-23,"k__Bacteria.p__Bacteroidetes.c__Bacteroidia.o__Bacteroidales.f__Bacteroidaceae.g__Bacteroides","Bacteroides"
"k__Bacteria.p__Bacteroidetes.c__Bacteroidia.o__Bacteroidales.f__Bacteroidales_noname.g__Bacteroidales_noname",0.0337915008439188,0.00483962768671066,6.98225215479041,8.97889665257424e-12,"k__Bacteria.p__Bacteroidetes.c__Bacteroidia.o__Bacteroidales.f__Bacteroidales_noname.g__Bacteroidales_noname","Bacteroidales_noname"
"k__Bacteria.p__Bacteroidetes.c__Bacteroidia.o__Bacteroidales.f__Porphyromonadaceae.g__Barnesiella",0.0368815647565264,0.0047957033664025,7.69054337574534,7.47271388987508e-14,"k__Bacteria.p__Bacteroidetes.c__Bacteroidia.o__Bacteroidales.f__Porphyromonadaceae.g__Barnesiella","Barnesiella"
"k__Bacteria.p__Bacteroidetes.c__Bacteroidia.o__Bacteroidales.f__Porphyromonadaceae.g__Coprobacter",0.0125861777150376,0.00503268458095127,2.50088745133687,0.012697169682659,"k__Bacteria.p__Bacteroidetes.c__Bacteroidia.o__Bacteroidales.f__Porphyromonadaceae.g__Coprobacter","Coprobacter"
"k__Bacteria.p__Bacteroidetes.c__Bacteroidia.o__Bacteroidales.f__Porphyromonadaceae.g__Odoribacter",0.0198457025565797,0.00498714697428387,3.9793699000478,7.89950798240764e-05,"k__Bacteria.p__Bacteroidetes.c__Bacteroidia.o__Bacteroidales.f__Porphyromonadaceae.g__Odoribacter","Odoribacter"
"k__Bacteria.p__Bacteroidetes.c__Bacteroidia.o__Bacteroidales.f__Porphyromonadaceae.g__Parabacteroides",0.0306472942054326,0.00488002551510637,6.28015040301785,7.18754572774715e-10,"k__Bacteria.p__Bacteroidetes.c__Bacteroidia.o__Bacteroidales.f__Porphyromonadaceae.g__Parabacteroides","Parabacteroides"
"k__Bacteria.p__Bacteroidetes.c__Bacteroidia.o__Bacteroidales.f__Prevotellaceae.g__Paraprevotella",0.0229068617744798,0.00496165358006308,4.61677974990518,4.92553512311342e-06,"k__Bacteria.p__Bacteroidetes.c__Bacteroidia.o__Bacteroidales.f__Prevotellaceae.g__Paraprevotella","Paraprevotella"
"k__Bacteria.p__Bacteroidetes.c__Bacteroidia.o__Bacteroidales.f__Prevotellaceae.g__Prevotella",0.0279978323912765,0.00491078091841603,5.70129941783419,2.00294511390788e-08,"k__Bacteria.p__Bacteroidetes.c__Bacteroidia.o__Bacteroidales.f__Prevotellaceae.g__Prevotella","Prevotella"
"k__Bacteria.p__Bacteroidetes.c__Bacteroidia.o__Bacteroidales.f__Rikenellaceae.g__Alistipes",0.0666676959023258,0.00412569793571351,16.1591316041891,7.91846696779517e-48,"k__Bacteria.p__Bacteroidetes.c__Bacteroidia.o__Bacteroidales.f__Rikenellaceae.g__Alistipes","Alistipes"
"k__Bacteria.p__Candidatus_Saccharibacteria.c__Candidatus_Saccharibacteria_noname.o__Candidatus_Saccharibacteria_noname.f__Candidatus_Saccharibacteria_noname.g__Candidatus_Saccharibacteria_noname_unclassified",0.0175896701276017,0.00500352957696262,3.51545241354992,0.000477657565092265,"k__Bacteria.p__Candidatus_Saccharibacteria.c__Candidatus_Saccharibacteria_noname.o__Candidatus_Saccharibacteria_noname.f__Candidatus_Saccharibacteria_noname.g__Candidatus_Saccharibacteria_noname_unclassified","Candidatus_Saccharibacteria_noname_unclassified"
"k__Bacteria.p__Firmicutes.c__Bacilli.o__Bacillales.f__Bacillales_noname.g__Gemella",0.0190100442627084,0.00499345186679559,3.80699459408379,0.000157564168840792,"k__Bacteria.p__Firmicutes.c__Bacilli.o__Bacillales.f__Bacillales_noname.g__Gemella","Gemella"
"k__Bacteria.p__Firmicutes.c__Bacilli.o__Bacillales.f__Staphylococcaceae.g__Staphylococcus",-0.0785873858810628,0.00369675070005423,-21.2585030091182,1.6843205685246e-72,"k__Bacteria.p__Firmicutes.c__Bacilli.o__Bacillales.f__Staphylococcaceae.g__Staphylococcus","Staphylococcus"
"k__Bacteria.p__Firmicutes.c__Bacilli.o__Lactobacillales.f__Aerococcaceae.g__Abiotrophia",0.0406431313509241,0.00473641497046874,8.58099039132584,1.10896289899925e-16,"k__Bacteria.p__Firmicutes.c__Bacilli.o__Lactobacillales.f__Aerococcaceae.g__Abiotrophia","Abiotrophia"
"k__Bacteria.p__Firmicutes.c__Bacilli.o__Lactobacillales.f__Carnobacteriaceae.g__Granulicatella",0.0718238408742488,0.00395442824655217,18.162888892186,2.31816244249625e-57,"k__Bacteria.p__Firmicutes.c__Bacilli.o__Lactobacillales.f__Carnobacteriaceae.g__Granulicatella","Granulicatella"
"k__Bacteria.p__Firmicutes.c__Bacilli.o__Lactobacillales.f__Enterococcaceae.g__Enterococcus",-0.0399676440457157,0.00474754178946532,-8.41859762759813,3.78278314085516e-16,"k__Bacteria.p__Firmicutes.c__Bacilli.o__Lactobacillales.f__Enterococcaceae.g__Enterococcus","Enterococcus"
"k__Bacteria.p__Firmicutes.c__Bacilli.o__Lactobacillales.f__Lactobacillaceae.g__Lactobacillus",0.0185236247067306,0.00499699345039396,3.70695396954546,0.000232463175369102,"k__Bacteria.p__Firmicutes.c__Bacilli.o__Lactobacillales.f__Lactobacillaceae.g__Lactobacillus","Lactobacillus"
"k__Bacteria.p__Firmicutes.c__Bacilli.o__Lactobacillales.f__Leuconostocaceae.g__Leuconostoc",0.0199465601929571,0.00498636712708946,4.00021893385935,7.25396379803302e-05,"k__Bacteria.p__Firmicutes.c__Bacilli.o__Lactobacillales.f__Leuconostocaceae.g__Leuconostoc","Leuconostoc"
"k__Bacteria.p__Firmicutes.c__Bacilli.o__Lactobacillales.f__Streptococcaceae.g__Lactococcus",0.035586793506858,0.00481462477880422,7.39139499790811,5.90025686386839e-13,"k__Bacteria.p__Firmicutes.c__Bacilli.o__Lactobacillales.f__Streptococcaceae.g__Lactococcus","Lactococcus"
"k__Bacteria.p__Firmicutes.c__Bacilli.o__Lactobacillales.f__Streptococcaceae.g__Streptococcus",0.0205123909646893,0.00498191639863074,4.1173695669255,4.46176553475065e-05,"k__Bacteria.p__Firmicutes.c__Bacilli.o__Lactobacillales.f__Streptococcaceae.g__Streptococcus","Streptococcus"
"k__Bacteria.p__Firmicutes.c__Clostridia.o__Clostridiales.f__Clostridiaceae.g__Butyricicoccus",0.0236068834307516,0.00495529053179006,4.76397564972317,2.47074304270397e-06,"k__Bacteria.p__Firmicutes.c__Clostridia.o__Clostridiales.f__Clostridiaceae.g__Butyricicoccus","Butyricicoccus"
"k__Bacteria.p__Firmicutes.c__Clostridia.o__Clostridiales.f__Clostridiaceae.g__Clostridiaceae_noname",0.0182603866606457,0.00499887076775711,3.65290232714673,0.000285783226005111,"k__Bacteria.p__Firmicutes.c__Clostridia.o__Clostridiales.f__Clostridiaceae.g__Clostridiaceae_noname","Clostridiaceae_noname"
"k__Bacteria.p__Firmicutes.c__Clostridia.o__Clostridiales.f__Clostridiaceae.g__Clostridium",0.052851154034813,0.00449684882298878,11.7529310224145,2.00479252596811e-28,"k__Bacteria.p__Firmicutes.c__Clostridia.o__Clostridiales.f__Clostridiaceae.g__Clostridium","Clostridium"
"k__Bacteria.p__Firmicutes.c__Clostridia.o__Clostridiales.f__Clostridiales_Family_XIII_Incertae_Sedis.g__Clostridiales_Family_XIII_Incertae_Sedis_noname",0.0123962024605023,0.00503359829860491,2.4626920395968,0.0141154000704157,"k__Bacteria.p__Firmicutes.c__Clostridia.o__Clostridiales.f__Clostridiales_Family_XIII_Incertae_Sedis.g__Clostridiales_Family_XIII_Incertae_Sedis_noname","Clostridiales_Family_XIII_Incertae_Sedis_noname"
"k__Bacteria.p__Firmicutes.c__Clostridia.o__Clostridiales.f__Clostridiales_Family_XIII_Incertae_Sedis.g__Clostridiales_Family_XIII_Incertae_Sedis_unclassified",0.0289395907701671,0.00490018897489252,5.9058111673748,6.37128765531017e-09,"k__Bacteria.p__Firmicutes.c__Clostridia.o__Clostridiales.f__Clostridiales_Family_XIII_Incertae_Sedis.g__Clostridiales_Family_XIII_Incertae_Sedis_unclassified","Clostridiales_Family_XIII_Incertae_Sedis_unclassified"
"k__Bacteria.p__Firmicutes.c__Clostridia.o__Clostridiales.f__Clostridiales_Family_XI_Incertae_Sedis.g__Parvimonas",0.0200018392870593,0.00498593797123373,4.01165024564275,6.92159169305983e-05,"k__Bacteria.p__Firmicutes.c__Clostridia.o__Clostridiales.f__Clostridiales_Family_XI_Incertae_Sedis.g__Parvimonas","Parvimonas"
"k__Bacteria.p__Firmicutes.c__Clostridia.o__Clostridiales.f__Clostridiales_noname.g__Clostridiales_noname",0.0277899255726322,0.00491306902483395,5.65632712102422,2.56513588393343e-08,"k__Bacteria.p__Firmicutes.c__Clostridia.o__Clostridiales.f__Clostridiales_noname.g__Clostridiales_noname","Clostridiales_noname"
"k__Bacteria.p__Firmicutes.c__Clostridia.o__Clostridiales.f__Clostridiales_noname.g__Flavonifractor",0.0369740999427852,0.00479432227874388,7.71205976425775,6.42513664972573e-14,"k__Bacteria.p__Firmicutes.c__Clostridia.o__Clostridiales.f__Clostridiales_noname.g__Flavonifractor","Flavonifractor"
"k__Bacteria.p__Firmicutes.c__Clostridia.o__Clostridiales.f__Clostridiales_noname.g__Pseudoflavonifractor",0.0123419828433285,0.00503385649780666,2.45179473207195,0.0145449368896719,"k__Bacteria.p__Firmicutes.c__Clostridia.o__Clostridiales.f__Clostridiales_noname.g__Pseudoflavonifractor","Pseudoflavonifractor"
"k__Bacteria.p__Firmicutes.c__Clostridia.o__Clostridiales.f__Eubacteriaceae.g__Anaerofustis",0.0255944217006148,0.00493613105218842,5.18511794561605,3.10516312915786e-07,"k__Bacteria.p__Firmicutes.c__Clostridia.o__Clostridiales.f__Eubacteriaceae.g__Anaerofustis","Anaerofustis"
"k__Bacteria.p__Firmicutes.c__Clostridia.o__Clostridiales.f__Eubacteriaceae.g__Eubacterium",0.0910050057079222,0.00309591643916209,29.3951750624616,2.6013779925636e-112,"k__Bacteria.p__Firmicutes.c__Clostridia.o__Clostridiales.f__Eubacteriaceae.g__Eubacterium","Eubacterium"
"k__Bacteria.p__Firmicutes.c__Clostridia.o__Clostridiales.f__Lachnospiraceae.g__Anaerostipes",0.0919554005101049,0.00304100524537405,30.238487963803,2.51382707783887e-116,"k__Bacteria.p__Firmicutes.c__Clostridia.o__Clostridiales.f__Lachnospiraceae.g__Anaerostipes","Anaerostipes"
"k__Bacteria.p__Firmicutes.c__Clostridia.o__Clostridiales.f__Lachnospiraceae.g__Blautia",0.0805802022591185,0.00361265179517672,22.3050010982796,1.14472535373657e-77,"k__Bacteria.p__Firmicutes.c__Clostridia.o__Clostridiales.f__Lachnospiraceae.g__Blautia","Blautia"
"k__Bacteria.p__Firmicutes.c__Clostridia.o__Clostridiales.f__Lachnospiraceae.g__Butyrivibrio",0.0151097672561159,0.00501920931612329,3.01038795245667,0.00273685729532528,"k__Bacteria.p__Firmicutes.c__Clostridia.o__Clostridiales.f__Lachnospiraceae.g__Butyrivibrio","Butyrivibrio"
"k__Bacteria.p__Firmicutes.c__Clostridia.o__Clostridiales.f__Lachnospiraceae.g__Coprococcus",0.0595501246207561,0.0043315585658089,13.7479670922181,7.22412559450132e-37,"k__Bacteria.p__Firmicutes.c__Clostridia.o__Clostridiales.f__Lachnospiraceae.g__Coprococcus","Coprococcus"
"k__Bacteria.p__Firmicutes.c__Clostridia.o__Clostridiales.f__Lachnospiraceae.g__Dorea",0.0824367574028714,0.00353054132307371,23.3496084195671,7.88360123743798e-83,"k__Bacteria.p__Firmicutes.c__Clostridia.o__Clostridiales.f__Lachnospiraceae.g__Dorea","Dorea"
"k__Bacteria.p__Firmicutes.c__Clostridia.o__Clostridiales.f__Lachnospiraceae.g__Lachnospiraceae_noname",0.0945168037082456,0.00288480023537742,32.7637257336398,3.72681964798494e-128,"k__Bacteria.p__Firmicutes.c__Clostridia.o__Clostridiales.f__Lachnospiraceae.g__Lachnospiraceae_noname","Lachnospiraceae_noname"
"k__Bacteria.p__Firmicutes.c__Clostridia.o__Clostridiales.f__Lachnospiraceae.g__Roseburia",0.0869609047495752,0.00331353127452498,26.2441780520215,4.54746569860078e-97,"k__Bacteria.p__Firmicutes.c__Clostridia.o__Clostridiales.f__Lachnospiraceae.g__Roseburia","Roseburia"
"k__Bacteria.p__Firmicutes.c__Clostridia.o__Clostridiales.f__Oscillospiraceae.g__Oscillibacter",0.0556107479230684,0.00443188330662018,12.5478818090718,1.04527885647032e-31,"k__Bacteria.p__Firmicutes.c__Clostridia.o__Clostridiales.f__Oscillospiraceae.g__Oscillibacter","Oscillibacter"
"k__Bacteria.p__Firmicutes.c__Clostridia.o__Clostridiales.f__Peptostreptococcaceae.g__Peptostreptococcaceae_noname",0.0820007554232361,0.00355016422008716,23.0977358622646,1.38387409610515e-81,"k__Bacteria.p__Firmicutes.c__Clostridia.o__Clostridiales.f__Peptostreptococcaceae.g__Peptostreptococcaceae_noname","Peptostreptococcaceae_noname"
"k__Bacteria.p__Firmicutes.c__Clostridia.o__Clostridiales.f__Ruminococcaceae.g__Anaerotruncus",0.0344522031814618,0.00483059155792731,7.13208781332869,3.36005812427035e-12,"k__Bacteria.p__Firmicutes.c__Clostridia.o__Clostridiales.f__Ruminococcaceae.g__Anaerotruncus","Anaerotruncus"
"k__Bacteria.p__Firmicutes.c__Clostridia.o__Clostridiales.f__Ruminococcaceae.g__Faecalibacterium",0.0865450708531013,0.00333456360580555,25.9539421297661,1.19610680865631e-95,"k__Bacteria.p__Firmicutes.c__Clostridia.o__Clostridiales.f__Ruminococcaceae.g__Faecalibacterium","Faecalibacterium"
"k__Bacteria.p__Firmicutes.c__Clostridia.o__Clostridiales.f__Ruminococcaceae.g__Ruminococcaceae_noname",0.0244430176298622,0.00494742796496489,4.94055048460632,1.05432725429456e-06,"k__Bacteria.p__Firmicutes.c__Clostridia.o__Clostridiales.f__Ruminococcaceae.g__Ruminococcaceae_noname","Ruminococcaceae_noname"
"k__Bacteria.p__Firmicutes.c__Clostridia.o__Clostridiales.f__Ruminococcaceae.g__Ruminococcus",0.0864527094586188,0.00333920352334125,25.8902186866744,2.45377502394979e-95,"k__Bacteria.p__Firmicutes.c__Clostridia.o__Clostridiales.f__Ruminococcaceae.g__Ruminococcus","Ruminococcus"
"k__Bacteria.p__Firmicutes.c__Clostridia.o__Clostridiales.f__Ruminococcaceae.g__Subdoligranulum",0.0838474873398547,0.00346555990291615,24.1944995004415,5.32572566152559e-87,"k__Bacteria.p__Firmicutes.c__Clostridia.o__Clostridiales.f__Ruminococcaceae.g__Subdoligranulum","Subdoligranulum"
"k__Bacteria.p__Firmicutes.c__Erysipelotrichia.o__Erysipelotrichales.f__Erysipelotrichaceae.g__Catenibacterium",0.0143617905037443,0.00502346326421605,2.85894207807759,0.00442250770335559,"k__Bacteria.p__Firmicutes.c__Erysipelotrichia.o__Erysipelotrichales.f__Erysipelotrichaceae.g__Catenibacterium","Catenibacterium"
"k__Bacteria.p__Firmicutes.c__Erysipelotrichia.o__Erysipelotrichales.f__Erysipelotrichaceae.g__Coprobacillus",0.0761160693126525,0.00379564201680916,20.0535427143997,1.43273633993306e-66,"k__Bacteria.p__Firmicutes.c__Erysipelotrichia.o__Erysipelotrichales.f__Erysipelotrichaceae.g__Coprobacillus","Coprobacillus"
"k__Bacteria.p__Firmicutes.c__Erysipelotrichia.o__Erysipelotrichales.f__Erysipelotrichaceae.g__Erysipelotrichaceae_noname",0.0779110233577281,0.00372439266677889,20.9191216738999,7.93527605035298e-71,"k__Bacteria.p__Firmicutes.c__Erysipelotrichia.o__Erysipelotrichales.f__Erysipelotrichaceae.g__Erysipelotrichaceae_noname","Erysipelotrichaceae_noname"
"k__Bacteria.p__Firmicutes.c__Erysipelotrichia.o__Erysipelotrichales.f__Erysipelotrichaceae.g__Holdemania",0.0561162042321812,0.00441951871419032,12.6973564003704,2.45065310285298e-32,"k__Bacteria.p__Firmicutes.c__Erysipelotrichia.o__Erysipelotrichales.f__Erysipelotrichaceae.g__Holdemania","Holdemania"
"k__Bacteria.p__Firmicutes.c__Erysipelotrichia.o__Erysipelotrichales.f__Erysipelotrichaceae.g__Solobacterium",0.0116521763126305,0.00503704153814052,2.31329764195911,0.0210985247612261,"k__Bacteria.p__Firmicutes.c__Erysipelotrichia.o__Erysipelotrichales.f__Erysipelotrichaceae.g__Solobacterium","Solobacterium"
"k__Bacteria.p__Firmicutes.c__Erysipelotrichia.o__Erysipelotrichales.f__Erysipelotrichaceae.g__Turicibacter",0.0344060933247809,0.00483122841416096,7.12160352922503,3.60120597420577e-12,"k__Bacteria.p__Firmicutes.c__Erysipelotrichia.o__Erysipelotrichales.f__Erysipelotrichaceae.g__Turicibacter","Turicibacter"
"k__Bacteria.p__Firmicutes.c__Negativicutes.o__Selenomonadales.f__Veillonellaceae.g__Dialister",0.0503223219031174,0.00455272289657933,11.0532362821658,1.23095140900984e-25,"k__Bacteria.p__Firmicutes.c__Negativicutes.o__Selenomonadales.f__Veillonellaceae.g__Dialister","Dialister"
"k__Bacteria.p__Firmicutes.c__Negativicutes.o__Selenomonadales.f__Veillonellaceae.g__Megamonas",0.0213272511583492,0.00497528073662294,4.28664276195707,2.16510369771163e-05,"k__Bacteria.p__Firmicutes.c__Negativicutes.o__Selenomonadales.f__Veillonellaceae.g__Megamonas","Megamonas"
"k__Bacteria.p__Firmicutes.c__Negativicutes.o__Selenomonadales.f__Veillonellaceae.g__Selenomonas",0.0107593070911702,0.00504088955857174,2.13440643087976,0.0332801732525215,"k__Bacteria.p__Firmicutes.c__Negativicutes.o__Selenomonadales.f__Veillonellaceae.g__Selenomonas","Selenomonas"
"k__Bacteria.p__Proteobacteria.c__Betaproteobacteria.o__Burkholderiales.f__Burkholderiales_noname.g__Burkholderiales_noname",0.0168796552668065,0.00500826696005539,3.37035852949417,0.000806929390941514,"k__Bacteria.p__Proteobacteria.c__Betaproteobacteria.o__Burkholderiales.f__Burkholderiales_noname.g__Burkholderiales_noname","Burkholderiales_noname"
"k__Bacteria.p__Proteobacteria.c__Betaproteobacteria.o__Burkholderiales.f__Sutterellaceae.g__Parasutterella",0.0210175217695972,0.00497783445788063,4.22222192148705,2.85921892327541e-05,"k__Bacteria.p__Proteobacteria.c__Betaproteobacteria.o__Burkholderiales.f__Sutterellaceae.g__Parasutterella","Parasutterella"
"k__Bacteria.p__Proteobacteria.c__Betaproteobacteria.o__Burkholderiales.f__Sutterellaceae.g__Sutterella",0.0364162107469724,0.00480259037327662,7.58261852803555,1.58630858301046e-13,"k__Bacteria.p__Proteobacteria.c__Betaproteobacteria.o__Burkholderiales.f__Sutterellaceae.g__Sutterella","Sutterella"
"k__Bacteria.p__Proteobacteria.c__Betaproteobacteria.o__Burkholderiales.f__Sutterellaceae.g__Sutterellaceae_unclassified",0.0150687539025895,0.0050194482610938,3.0020737576655,0.00281138627305054,"k__Bacteria.p__Proteobacteria.c__Betaproteobacteria.o__Burkholderiales.f__Sutterellaceae.g__Sutterellaceae_unclassified","Sutterellaceae_unclassified"
"k__Bacteria.p__Proteobacteria.c__Betaproteobacteria.o__Neisseriales.f__Neisseriaceae.g__Neisseria",-0.0195214330517655,0.00498962667977426,-3.91240353329374,0.000103614058402915,"k__Bacteria.p__Proteobacteria.c__Betaproteobacteria.o__Neisseriales.f__Neisseriaceae.g__Neisseria","Neisseria"
"k__Bacteria.p__Proteobacteria.c__Deltaproteobacteria.o__Desulfovibrionales.f__Desulfovibrionaceae.g__Bilophila",0.0144597867374573,0.00502291842576126,2.87876200881478,0.00415804807415492,"k__Bacteria.p__Proteobacteria.c__Deltaproteobacteria.o__Desulfovibrionales.f__Desulfovibrionaceae.g__Bilophila","Bilophila"
"k__Bacteria.p__Proteobacteria.c__Deltaproteobacteria.o__Desulfovibrionales.f__Desulfovibrionaceae.g__Desulfovibrio",0.0119060825921577,0.00503589070855608,2.36424562827168,0.0184361960330752,"k__Bacteria.p__Proteobacteria.c__Deltaproteobacteria.o__Desulfovibrionales.f__Desulfovibrionaceae.g__Desulfovibrio","Desulfovibrio"
"k__Bacteria.p__Proteobacteria.c__Gammaproteobacteria.o__Enterobacteriales.f__Enterobacteriaceae.g__Escherichia",-0.0462208803695718,0.00463623363546494,-9.96948903006191,1.58394302231872e-21,"k__Bacteria.p__Proteobacteria.c__Gammaproteobacteria.o__Enterobacteriales.f__Enterobacteriaceae.g__Escherichia","Escherichia"
"k__Bacteria.p__Proteobacteria.c__Gammaproteobacteria.o__Enterobacteriales.f__Enterobacteriaceae.g__Pantoea",-0.0265793961675202,0.0049260325797443,-5.39570044193655,1.04186094437016e-07,"k__Bacteria.p__Proteobacteria.c__Gammaproteobacteria.o__Enterobacteriales.f__Enterobacteriaceae.g__Pantoea","Pantoea"
"k__Bacteria.p__Verrucomicrobia.c__Verrucomicrobiae.o__Verrucomicrobiales.f__Verrucomicrobiaceae.g__Akkermansia",0.0626699270019011,0.0042454023900976,14.7618343900872,2.16089955103868e-41,"k__Bacteria.p__Verrucomicrobia.c__Verrucomicrobiae.o__Verrucomicrobiales.f__Verrucomicrobiaceae.g__Akkermansia","Akkermansia"
"k__Eukaryota.p__Ascomycota.c__Saccharomycetes.o__Saccharomycetales.f__Saccharomycetaceae.g__Saccharomyces",0.0307307511462919,0.0048790082855009,6.29856506651471,6.43783252377113e-10,"k__Eukaryota.p__Ascomycota.c__Saccharomycetes.o__Saccharomycetales.f__Saccharomycetaceae.g__Saccharomyces","Saccharomyces"
"k__Eukaryota.p__Ascomycota.c__Saccharomycetes.o__Saccharomycetales.f__Saccharomycetaceae.g__Saccharomycetaceae_unclassified",0.0202846965549247,0.00498372285162295,4.07018952675489,5.43410434895597e-05,"k__Eukaryota.p__Ascomycota.c__Saccharomycetes.o__Saccharomycetales.f__Saccharomycetaceae.g__Saccharomycetaceae_unclassified","Saccharomycetaceae_unclassified"
"k__Viruses.p__Viruses_noname.c__Viruses_noname.o__Viruses_noname.f__Adenoviridae.g__Mastadenovirus",0.011631853568755,0.00503713256746878,2.30922125097059,0.0213253807934617,"k__Viruses.p__Viruses_noname.c__Viruses_noname.o__Viruses_noname.f__Adenoviridae.g__Mastadenovirus","Mastadenovirus"
"k__Viruses.p__Viruses_noname.c__Viruses_noname.o__Viruses_noname.f__Potyviridae.g__Potyvirus",-0.0111080232405679,0.00503942352436633,-2.20422498463545,0.0279492312388468,"k__Viruses.p__Viruses_noname.c__Viruses_noname.o__Viruses_noname.f__Potyviridae.g__Potyvirus","Potyvirus"
